Date,Open,High,Low,Close,Adj Close,Volume
03/01/2007,232.129913,237.440018,229.694046,232.921951,232.921951,15470700
04/01/2007,233.624313,241.071411,233.300537,240.727692,240.727692,15834200
05/01/2007,240.349106,242.839783,238.162308,242.685349,242.685349,13795600
08/01/2007,242.934418,244.020355,240.199677,240.8871,240.8871,9544400
09/01/2007,241.818604,243.213379,239.701538,241.843506,241.843506,10803000
10/01/2007,241.310516,245.853485,240.119965,243.816116,243.816116,11981700
11/01/2007,247.671661,249.938171,247.163574,248.926956,248.926956,14470400
12/01/2007,250.057724,251.557098,249.066437,251.557098,251.557098,8980800
16/01/2007,252.827347,255.54216,250.710281,251.198441,251.198441,15194500
17/01/2007,250.755112,252.936935,246.266937,247.711517,247.711517,13448300
18/01/2007,246.33667,247.313004,242.804901,243.004166,243.004166,11908400
19/01/2007,243.078888,244.463684,242.461197,243.960571,243.960571,9993800
22/01/2007,245.330444,245.405167,238.356583,239.522217,239.522217,10849100
23/01/2007,239.497299,241.46991,237.753845,238.630554,238.630554,9365900
24/01/2007,241.320465,248.837296,240.74263,248.60318,248.60318,12164000
25/01/2007,249.564575,251.308029,241.923218,243.133682,243.133682,12784700
26/01/2007,244.54837,248.020355,242.605652,246.994202,246.994202,11034100
29/01/2007,248.070175,248.443771,244.334183,245.315491,245.315491,9587100
30/01/2007,246.077637,248.070175,244.692825,246.237045,246.237045,8392200
31/01/2007,247.317993,251.557098,246.829819,249.813644,249.813644,24503600
01/02/2007,252.055237,252.060211,239.865921,239.97551,239.97551,31434700
02/02/2007,240.4039,241.594452,238.012863,239.850983,239.850983,12620000
05/02/2007,237.858444,238.107513,232.224564,232.707748,232.707748,14467800
06/02/2007,233.175995,235.766296,232.757568,234.859695,234.859695,10683600
07/02/2007,236.025314,236.289337,233.514725,234.127426,234.127426,8270400
08/02/2007,233.151093,235.990448,231.706512,234.635529,234.635529,8183900
09/02/2007,234.944366,235.457443,229.888321,230.082596,230.082596,9753600
12/02/2007,229.479858,230.331665,226.660416,228.289322,228.289322,11552100
13/02/2007,228.717712,230.525925,227.776245,228.69281,228.69281,8155600
14/02/2007,229.141129,233.689072,228.752579,232.095047,232.095047,11440200
15/02/2007,232.129913,232.194672,229.499771,229.873383,229.873383,8115000
16/02/2007,230.535889,234.197174,230.167282,234.09256,234.09256,12400200
20/02/2007,233.360306,235.49231,231.487335,235.168533,235.168533,8165600
21/02/2007,234.042755,238.446243,232.996674,237.041504,237.041504,11323400
22/02/2007,238.451233,241.215866,236.30925,237.03653,237.03653,11530700
23/02/2007,236.98671,237.584473,233.026566,234.43129,234.43129,7794200
26/02/2007,235.532166,236.737656,231.009125,231.596924,231.596924,7969500
27/02/2007,226.650452,229.041489,222.750076,223.547089,223.547089,18695300
28/02/2007,224.364029,225.987946,220.692795,223.885818,223.885818,16124700
01/03/2007,220.508484,225.36528,219.178467,223.278091,223.278091,17435400
02/03/2007,221.723923,223.512222,218.520935,218.520935,218.520935,13216400
05/03/2007,217.694031,221.918198,217.684067,219.651688,219.651688,12757800
06/03/2007,222.899521,228.64299,222.854691,227.9207,227.9207,15123800
07/03/2007,230.481094,230.705261,226.296783,226.969269,226.969269,13117100
08/03/2007,228.752579,231.880859,226.202133,226.510986,226.510986,10765700
09/03/2007,228.144852,228.344116,224.20961,225.634262,225.634262,9992600
12/03/2007,225.440002,226.774994,224.712723,226.525925,226.525925,6956700
13/03/2007,224.214584,225.121185,220.588181,220.687805,220.687805,12802300
14/03/2007,220.78743,223.492294,218.680328,223.163528,223.163528,16093800
15/03/2007,223.093796,224.070129,221.141113,222.261902,222.261902,7917800
16/03/2007,221.99292,222.515961,219.123672,219.601883,219.601883,11360600
19/03/2007,220.797394,223.412598,219.492294,222.779968,222.779968,10434200
20/03/2007,222.062653,222.964279,220.971741,221.808609,221.808609,6868600
21/03/2007,221.818573,227.432526,221.773743,227.422562,227.422562,11639900
22/03/2007,226.954315,230.222076,225.420074,230.157318,230.157318,11403900
23/03/2007,229.863419,230.829788,227.686569,230.052704,230.052704,8253300
26/03/2007,229.4151,231.63179,226.959305,231.63179,231.63179,9455800
27/03/2007,230.9095,231.746353,229.310486,230.944366,230.944366,7510300
28/03/2007,230.072632,231.850967,229.215836,230.077606,230.077606,9217500
29/03/2007,231.407623,232.129913,226.650452,229.599411,229.599411,8006800
30/03/2007,230.187195,230.834778,227.218323,228.224564,228.224564,6785600
02/04/2007,228.025299,228.408875,225.215836,228.408875,228.408875,6922700
03/04/2007,231.158554,236.239517,231.133652,235.417603,235.417603,13052300
04/04/2007,235.188461,235.616852,233.913239,234.630554,234.630554,7585800
05/04/2007,234.77002,235.163544,233.933167,234.874634,234.874634,5451900
09/04/2007,235.606888,235.616852,231.92569,233.230789,233.230789,6147100
10/04/2007,232.672882,234.515976,231.711487,232.378983,232.378983,5980800
11/04/2007,232.159805,233.823578,230.441254,231.397659,231.397659,7652500
12/04/2007,231.133652,233.12619,230.256943,232.822327,232.822327,5436000
13/04/2007,233.350342,233.50975,230.81485,232.274384,232.274384,5610400
16/04/2007,233.355331,237.604401,233.200912,236.249481,236.249481,10193800
17/04/2007,236.01535,237.305527,234.919464,235.517227,235.517227,6444200
18/04/2007,234.750092,239.05397,233.888336,237.116226,237.116226,11383400
19/04/2007,236.364044,240.075134,233.918213,234.944366,234.944366,22101700
20/04/2007,244.344131,245.330444,240.110016,240.339157,240.339157,24414100
23/04/2007,239.153595,241.594452,238.23703,238.645493,238.645493,11391600
24/04/2007,238.411377,239.093811,236.887085,237.873398,237.873398,7417000
25/04/2007,239.103775,239.786224,237.166046,238.102539,238.102539,7963300
26/04/2007,238.157333,241.320465,237.664169,239.691574,239.691574,8280600
27/04/2007,239.138657,240.299301,238.271896,238.610626,238.610626,5873200
30/04/2007,238.680374,239.77626,234.809875,234.809875,234.809875,7309600
01/05/2007,235.213364,235.522202,231.218338,233.624313,233.624313,7343800
02/05/2007,233.449966,234.660431,231.995422,232.020325,232.020325,6148300
03/05/2007,232.239502,236.149857,231.776245,235.731415,235.731415,7215200
04/05/2007,234.18222,236.533417,232.070145,234.680359,234.680359,7929500
07/05/2007,235.188461,235.527191,232.364044,232.762543,232.762543,6062700
08/05/2007,232.194672,233.210861,231.497284,232.533401,232.533401,5831900
09/05/2007,232.204636,234.984222,231.073883,233.748856,233.748856,7808800
10/05/2007,232.64798,233.868408,229.649216,229.873383,229.873383,7400100
11/05/2007,230.052704,232.628052,229.639252,232.498535,232.498535,5910100
14/05/2007,231.870895,232.882095,229.141129,230.027802,230.027802,7774300
15/05/2007,230.117462,230.406387,227.850952,228.144852,228.144852,8268800
16/05/2007,230.13739,235.686584,228.652954,235.422577,235.422577,13157500
17/05/2007,235.347855,236.722702,234.52594,234.600662,234.600662,9356100
18/05/2007,235.133667,235.467407,233.997925,234.28186,234.28186,7419400
21/05/2007,233.888336,238.705276,232.488571,234.421326,234.421326,12364700
22/05/2007,235.616852,238.610626,235.616852,237.041504,237.041504,7706700
23/05/2007,239.512253,240.802414,235.990448,236.100037,236.100037,10158300
24/05/2007,236.687836,238.705276,234.869644,236.279373,236.279373,8378400
25/05/2007,238.954346,241.569534,237.743881,240.857208,240.857208,10736900
29/05/2007,241.594452,244.98175,241.096313,242.645508,242.645508,10475000
30/05/2007,241.345383,248.488602,240.598175,248.369049,248.369049,14545800
31/05/2007,249.345398,253.440048,247.601929,248.025345,248.025345,17915400
01/06/2007,249.564575,251.567062,248.035309,249.265686,249.265686,9633800
04/06/2007,248.025345,254.301819,247.865936,252.588242,252.588242,14255200
05/06/2007,253.923233,258.530975,252.3591,258.451263,258.451263,20972400
06/06/2007,257.410156,259.417633,256.667938,258.157349,258.157349,15832400
07/06/2007,258.904572,262.266968,255.29808,256.568329,256.568329,21340600
08/06/2007,257.1362,258.849762,253.778778,256.782501,256.782501,12764000
11/06/2007,256.050262,258.157349,254.04776,254.715271,254.715271,9330100
12/06/2007,253.405182,254.879654,250.645523,251.442535,251.442535,12887000
13/06/2007,252.598206,253.320496,248.413879,251.676651,251.676651,14120600
14/06/2007,251.746399,251.995453,249.913269,250.48114,250.48114,9277000
15/06/2007,253.146149,253.549637,249.679138,252.000443,252.000443,12394400
18/06/2007,252.144897,257.03656,251.178528,256.638062,256.638062,9707900
19/06/2007,256.045288,257.659241,254.814896,256.194733,256.194733,8743200
20/06/2007,257.514771,258.406433,253.579529,254.032822,254.032822,8708800
21/06/2007,254.535934,256.682892,252.194717,256.095093,256.095093,8852400
22/06/2007,257.245789,261.514771,257.086365,261.509796,261.509796,14461300
25/06/2007,263.502319,266.496094,260.712799,262.72525,262.72525,15909300
26/06/2007,265.370331,265.604462,262.137451,264.139954,264.139954,11421500
27/06/2007,261.519745,263.009186,258.809906,262.162354,262.162354,12292000
28/06/2007,261.459991,263.761353,260.921997,261.52475,261.52475,8368000
29/06/2007,262.027863,262.715271,258.760101,260.374054,260.374054,7790200
02/07/2007,261.763855,264.931976,261.121246,264.199707,264.199707,7001200
03/07/2007,264.538452,266.202209,262.765106,266.172333,266.172333,3757500
05/07/2007,266.780029,271.183533,265.081421,269.803711,269.803711,9922700
06/07/2007,269.61441,270.919525,268.359131,268.692871,268.692871,5514400
09/07/2007,270.486145,273.345428,269.121277,270.266968,270.266968,7487500
10/07/2007,270.879669,272.478668,269.81366,270.655518,270.655518,7740800
11/07/2007,270.790009,272.229614,268.996735,271.218414,271.218414,6643300
12/07/2007,271.910797,272.638092,269.101349,271.64679,271.64679,6908900
13/07/2007,272.931976,275.303101,272.60321,275.049042,275.049042,10513300
16/07/2007,274.122528,278.24707,273.629364,275.462494,275.462494,13248300
17/07/2007,276.483673,277.823639,275.15863,276.463745,276.463745,8689500
18/07/2007,275.910828,276.214691,270.889648,273.72403,273.72403,12205500
19/07/2007,275.696625,275.726501,270.107574,273.270721,273.270721,22337700
20/07/2007,254.994217,260.613159,253.798706,259.088867,259.088867,35677700
23/07/2007,258.53595,259.029083,255.118759,255.29808,255.29808,12761000
24/07/2007,253.699066,258.376556,252.60817,256.040283,256.040283,11185900
25/07/2007,257.524719,257.544647,251.83606,253.928207,253.928207,11131400
26/07/2007,253.42012,255.337936,248.50853,253.051498,253.051498,13818300
27/07/2007,253.315506,257.345398,251.806168,254.989243,254.989243,11059400
30/07/2007,255.502319,258.700317,254.296829,257.09137,257.09137,7956200
31/07/2007,259.143677,259.24826,254.04776,254.04776,254.04776,8572900
01/08/2007,254.296829,257.290619,253.121246,255.512283,255.512283,8889500
02/08/2007,255.900818,256.533447,253.549637,254.550888,254.550888,6333400
03/08/2007,254.072678,255.641785,250.560837,250.560837,250.560837,6376100
06/08/2007,250.560837,254.122482,250.311768,254.04776,254.04776,7330300
07/08/2007,253.923233,258.96933,253.569565,257.046539,257.046539,8560500
08/08/2007,258.700317,261.908295,257.579529,261.908295,261.908295,8168000
09/08/2007,259.427612,262.426361,256.354126,256.403931,256.403931,9729200
10/08/2007,254.137436,258.391479,251.870926,256.912018,256.912018,11794300
13/08/2007,258.799957,258.904572,255.557114,256.787506,256.787506,6382300
14/08/2007,256.897095,257.733948,253.051498,253.350388,253.350388,7294500
15/08/2007,253.549637,254.889618,247.427582,247.846008,247.846008,10859500
16/08/2007,245.091339,247.288101,239.332916,244.84227,244.84227,17355900
17/08/2007,247.791214,249.564575,244.907028,249.086365,249.086365,10999800
20/08/2007,250.29184,250.34166,247.073914,248.030319,248.030319,5414700
21/08/2007,248.538422,253.131195,247.955597,252.3591,252.3591,7248200
22/08/2007,254.027847,257.161102,253.674164,255.417633,255.417633,6529700
23/08/2007,257.03656,257.101318,252.553375,255.138672,255.138672,6176400
24/08/2007,255.3479,256.812408,253.300568,256.538422,256.538422,4963800
27/08/2007,256.254486,257.75885,254.745148,255.671677,255.671677,4667500
28/08/2007,254.809906,256.528473,251.950623,252.254486,252.254486,6572200
29/08/2007,252.971802,255.691605,252.667938,255.482391,255.482391,5117600
30/08/2007,255.223358,256.737671,254.336685,254.745148,254.745148,5323200
31/08/2007,255.59198,257.285645,254.780029,256.662964,256.662964,5977400
04/09/2007,256.548401,263.01416,256.349152,261.594482,261.594482,7415000
05/09/2007,260.722748,263.751404,260.149902,262.91452,262.91452,6650600
06/09/2007,263.69162,263.925751,258.152374,260.782532,260.782532,7278900
07/09/2007,257.963104,259.64679,257.435059,258.705322,258.705322,7354600
10/09/2007,259.666718,260.060242,254.48613,256.279388,256.279388,6475700
11/09/2007,257.529724,259.851013,256.902069,259.69162,259.69162,5427400
12/09/2007,259.293091,263.004181,258.530975,260.349152,260.349152,5994300
13/09/2007,261.051514,262.620636,260.633087,261.410156,261.410156,3796200
14/09/2007,260.623108,264.144928,260.134949,263.387756,263.387756,5550400
17/09/2007,262.281891,263.651764,261.056488,261.669189,261.669189,4411300
18/09/2007,262.276917,267.621887,261.156128,266.63559,266.63559,8462900
19/09/2007,268.628113,273.699097,268.423889,272.403961,272.403961,11095100
20/09/2007,272.478668,277.360382,271.995483,275.382813,275.382813,11091300
21/09/2007,277.131256,279.347931,275.382813,279.004211,279.004211,16083400
24/09/2007,279.452545,284.663025,278.954407,282.949432,282.949432,10633600
25/09/2007,280.94693,283.716553,280.379059,283.437592,283.437592,5481600
26/09/2007,284.134979,284.827393,280.852295,283.019165,283.019165,6717100
27/09/2007,284.797516,284.80249,281.833618,282.690399,282.690399,4128000
28/09/2007,282.441345,283.711578,281.006714,282.575836,282.575836,5298700
01/10/2007,283.920807,291.083954,283.741455,290.187317,290.187317,9457800
02/10/2007,290.600769,297.29068,288.922058,291.103882,291.103882,14187900
03/10/2007,292.030396,293.395294,289.096405,290.919556,290.919556,7788000
04/10/2007,291.452576,291.452576,287.452545,288.433868,288.433868,5995700
05/10/2007,292.458801,296.887207,292.408966,295.915833,295.915833,10175300
08/10/2007,296.389069,303.99057,295.866028,303.671753,303.671753,10093600
09/10/2007,306.406525,310.725311,303.059052,306.441376,306.441376,17601200
10/10/2007,309.519836,311.671783,307.248352,311.527313,311.527313,10811500
11/10/2007,315.636902,319.507416,303.362915,309.838654,309.838654,23686300
12/10/2007,310.824951,318.008026,307.965668,317.504913,317.504913,13698500
15/10/2007,318.042908,318.735291,306.625702,308.897186,308.897186,13939500
16/10/2007,308.09021,311.791321,304.852325,306.849854,306.849854,12095700
17/10/2007,314.047882,315.816254,309.634399,315.55722,315.55722,12106100
18/10/2007,316.518616,319.487488,313.076508,318.615753,318.615753,24670400
19/10/2007,326.057861,328.015503,320.414001,321.151245,321.151245,31696200
22/10/2007,318.142517,326.277039,316.951996,324.159973,324.159973,13378700
23/10/2007,329.39035,337.534851,328.7677,336.62326,336.62326,13638200
24/10/2007,335.098969,337.470093,328.548523,336.648163,336.648163,14863800
25/10/2007,338.072815,338.217285,330.536072,333.006805,333.006805,11634300
26/10/2007,335.7565,337.006805,332.782654,336.040436,336.040436,6732900
29/10/2007,337.619507,338.730347,334.790131,338.346802,338.346802,6155500
30/10/2007,337.48999,348.648193,337.48999,346.087769,346.087769,13852900
31/10/2007,349.036713,352.179932,346.720398,352.179932,352.179932,13805000
01/11/2007,350.082794,355.527405,349.579681,350.292023,350.292023,13103200
02/11/2007,353.928375,355.457672,347.367981,354.296997,354.296997,11726700
05/11/2007,352.174957,363.751556,351.716675,361.470123,361.470123,17833900
06/11/2007,367.402893,369.509979,361.146332,369.509979,369.509979,16935700
07/11/2007,369.181213,372.224823,360.219818,365.101501,365.101501,16608900
08/11/2007,365.928406,366.072876,337.325623,345.624512,345.624512,33148100
09/11/2007,336.628235,339.66684,329.370453,330.7453,330.7453,22861400
12/11/2007,327.641907,333.714172,311.935791,314.854858,314.854858,20531200
13/11/2007,321.29071,329.225983,314.854858,329.041656,329.041656,16954000
14/11/2007,335.382904,336.483765,316.946991,319.641907,319.641907,16249900
15/11/2007,318.092712,322.541046,310.8349,313.649353,313.649353,13987500
16/11/2007,315.786346,316.558472,306.859802,315.631927,315.631927,18153300
19/11/2007,313.619476,317.196075,308.095184,311.75647,311.75647,11096100
20/11/2007,317.051605,328.319366,315.253357,323.059082,323.059082,19754800
21/11/2007,320.683014,333.73407,319.841156,329.026733,329.026733,14079500
23/11/2007,333.749023,337.873566,332.807556,337.086517,337.086517,5497800
26/11/2007,338.829987,345.405334,331.258362,331.7565,331.7565,13631000
27/11/2007,336.140076,336.952026,323.915894,335.527374,335.527374,17875700
28/11/2007,339.781403,345.853668,334.815033,344.837463,344.837463,15892300
29/11/2007,344.085297,350.082794,342.600861,347.198608,347.198608,12462500
30/11/2007,354.172485,354.202362,339.781403,345.206085,345.206085,15850000
03/12/2007,344.214813,346.202362,339.298218,339.492493,339.492493,8682500
04/12/2007,337.888519,344.707947,337.295746,340.802582,340.802582,8495200
05/12/2007,345.071594,348.160004,342.466339,347.950806,347.950806,8450700
06/12/2007,347.597107,356.942108,347.203583,356.294525,356.294525,9854700
07/12/2007,356.160034,357.659393,353.923401,356.10025,356.10025,7733000
10/12/2007,356.658173,361.046722,355.66687,357.868622,357.868622,7741200
11/12/2007,358.625793,359.148834,348.085297,348.294495,348.294495,12324100
12/12/2007,355.66687,355.826263,342.964478,348.369232,348.369232,12364300
13/12/2007,346.854889,347.507446,339.333099,345.729126,345.729126,10119300
14/12/2007,342.471344,348.543579,342.346802,343.691772,343.691772,7374400
17/12/2007,342.715424,346.41156,330.595856,333.365479,333.365479,11013000
18/12/2007,335.821259,337.091492,325.031708,335.417786,335.417786,14387000
19/12/2007,335.846161,338.481293,333.250885,337.420258,337.420258,8875300
20/12/2007,341.63446,344.209808,339.03421,343.557251,343.557251,8877500
21/12/2007,347.636963,348.324402,345.325623,347.044189,347.044189,10804200
24/12/2007,346.197357,349.056641,345.235962,349.056641,349.056641,3268900
26/12/2007,348.189911,355.27832,347.801361,354.092773,354.092773,5078900
27/12/2007,352.214813,356.663147,349.061646,349.061646,349.061646,5906900
28/12/2007,351.148804,352.653168,346.969482,349.953278,349.953278,5144500
31/12/2007,347.980682,349.93335,344.00061,344.448914,344.448914,4770100
02/01/2008,345.141327,347.382935,337.599579,341.315674,341.315674,8646000
03/01/2008,341.350525,342.142578,336.996857,341.385406,341.385406,6529300
04/01/2008,338.575928,339.208557,326.277039,327.273285,327.273285,10759700
07/01/2008,325.749023,329.903442,317.484985,323.412781,323.412781,12854700
08/01/2008,325.280762,328.747772,314.321838,314.660583,314.660583,10718100
09/01/2008,313.843628,325.450134,310.092682,325.380402,325.380402,13529800
10/01/2008,321.30069,327.372925,318.859833,322.157471,322.157471,12715800
11/01/2008,320.149994,323.522369,313.87851,317.933319,317.933319,9991200
14/01/2008,324.354248,327.472565,321.420227,325.68924,325.68924,8928200
15/01/2008,321.744019,323.313141,316.503662,317.63443,317.63443,11178100
16/01/2008,313.310638,318.800049,299.841125,306.824951,306.824951,21199100
17/01/2008,309.220978,311.70166,297.888428,299.273254,299.273254,16495100
18/01/2008,303.044128,303.856079,298.107605,299.004272,299.004272,17143100
22/01/2008,279.965607,297.634399,279.552185,291.083954,291.083954,19074200
23/01/2008,279.308075,282.939484,258.530975,273.285645,273.285645,34058500
24/01/2008,278.356659,288.762634,276.035339,286.172363,286.172363,18872200
25/01/2008,294.800018,296.389069,282.032867,282.142456,282.142456,13984100
28/01/2008,284.418915,285.051544,273.275696,276.951904,276.951904,11676900
29/01/2008,279.188538,279.616913,269.3255,274.232117,274.232117,12613000
30/01/2008,273.56958,279.16861,270.740204,273.111298,273.111298,15938600
31/01/2008,268.498596,285.430145,266.1474,281.096375,281.096375,29854000
01/02/2008,263.3479,267.332977,254.04776,256.986755,256.986755,35332900
04/02/2008,253.584503,255.432571,245.355347,246.789978,246.789978,26412800
05/02/2008,243.801178,253.549637,243.34787,252.453735,252.453735,22490500
06/02/2008,254.615631,254.630585,248.035309,249.918243,249.918243,15329900
07/02/2008,247.502304,256.134949,246.456223,251.532196,251.532196,15917100
08/02/2008,253.753876,257.898346,253.400192,257.38028,257.38028,13708900
11/02/2008,259.288116,260.877167,255.741425,259.606934,259.606934,11695600
12/02/2008,260.717773,264.309296,255.557114,258.077667,258.077667,13374500
13/02/2008,260.274414,266.496094,258.376556,266.311798,266.311798,13299000
14/02/2008,268.16983,269.509796,264.508545,265.131226,265.131226,13001800
15/02/2008,263.168579,265.335449,261.186005,263.831085,263.831085,10519400
19/02/2008,266.471191,266.530975,252.304306,253.524734,253.524734,12748400
20/02/2008,250.81488,254.550888,248.478638,253.549637,253.549637,13374300
21/02/2008,255.467438,255.646774,248.817368,250.491104,250.491104,11398100
22/02/2008,250.09259,253.549637,247.846008,252.951874,252.951874,11073100
25/02/2008,252.030334,252.304306,241.963058,242.311752,242.311752,16808300
26/02/2008,229.738876,232.364044,222.590683,231.228302,231.228302,46749000
27/02/2008,229.205887,236.857208,228.961792,235.547119,235.547119,20319600
28/02/2008,234.371521,238.650482,232.807388,236.807388,236.807388,13223100
29/02/2008,235.053955,238.974258,231.457443,234.710251,234.710251,18921400
03/03/2008,234.874634,235.477371,224.214584,227.656693,227.656693,15165600
04/03/2008,224.633026,225.833527,217.07634,221.469879,221.469879,27345400
05/03/2008,221.793655,226.237015,221.17099,223.014084,223.014084,14928800
06/03/2008,223.009109,225.803635,214.784927,215.542099,215.542099,14996100
07/03/2008,213.639221,219.178467,212.324158,215.865875,215.865875,16204000
10/03/2008,213.614319,214.695267,205.74881,206.03772,206.03772,16035000
11/03/2008,211.835983,219.253189,211.53212,219.09877,219.09877,17719900
12/03/2008,219.183441,223.10376,218.217072,219.268127,219.268127,13353600
13/03/2008,215.527145,222.655426,213.589417,220.677841,220.677841,15511000
14/03/2008,220.662903,223.831024,214.505981,218.142349,218.142349,13198000
17/03/2008,213.195892,216.045212,205.285538,209.151047,209.151047,15835400
18/03/2008,213.689041,219.596893,211.97049,218.76004,218.76004,14528500
19/03/2008,219.7314,222.914459,215.029022,215.193405,215.193405,12404200
20/03/2008,212.862137,217.036499,207.970474,215.965515,215.965515,19901000
24/03/2008,218.396393,232.020325,218.042725,229.420074,229.420074,13577600
25/03/2008,227.87587,227.880844,222.167267,224.54834,224.54834,11706800
26/03/2008,225.449951,230.57077,223.806122,228.239502,228.239502,10490500
27/03/2008,222.167267,223.467392,219.422546,221.210846,221.210846,11708000
28/03/2008,222.894531,225.938126,216.344086,218.222046,218.222046,8785100
31/03/2008,217.006607,220.518448,215.19838,219.412582,219.412582,8926000
01/04/2008,223.034012,232.378983,222.600632,231.985458,231.985458,12231700
02/04/2008,234.072632,236.981735,229.335388,231.980484,231.980484,12042800
03/04/2008,230.002899,230.779984,223.228287,226.710236,226.710236,13607500
04/04/2008,227.651703,238.022827,227.248215,234.665421,234.665421,11838500
07/04/2008,237.624329,241.813629,235.880859,237.519714,237.519714,11931400
08/04/2008,235.63678,236.184723,230.142365,233.03154,233.03154,9127900
09/04/2008,233.689072,235.118713,227.91571,231.228302,231.228302,12141400
10/04/2008,231.611862,236.045242,230.062668,233.664169,233.664169,10182700
11/04/2008,231.168518,232.757568,226.655441,227.87088,227.87088,8370600
14/04/2008,227.726425,227.87088,224.234512,224.986694,224.986694,7713900
15/04/2008,228.20961,229.001648,221.031525,222.585693,222.585693,9189400
16/04/2008,221.370255,228.284332,219.676605,226.665405,226.665405,15318500
17/04/2008,226.964279,228.827301,222.426285,223.930649,223.930649,26806000
18/04/2008,266.605682,272.827362,261.405182,268.697845,268.697845,36607800
21/04/2008,268.687897,270.281921,264.154877,267.890869,267.890869,14935000
22/04/2008,267.781281,279.367859,267.776306,276.463745,276.463745,15936400
23/04/2008,277.928253,278.610687,269.464966,272.22464,272.22464,9879800
24/04/2008,274.615662,276.209686,269.001709,270.506073,270.506073,8301100
25/04/2008,273.484924,275.467468,270.351654,271.01416,271.01416,8359900
28/04/2008,271.920776,277.365356,268.493622,275.029114,275.029114,8047200
29/04/2008,274.386536,280.648071,273.978058,278.192261,278.192261,8724400
30/04/2008,280.055298,291.337982,278.192261,286.072723,286.072723,15865200
01/05/2008,288.075226,296.354187,287.407715,295.432648,295.432648,13255000
02/05/2008,298.127533,300.100159,288.56839,289.559662,289.559662,14049900
05/05/2008,298.311859,298.381592,292.46875,296.339233,296.339233,12609000
06/05/2008,294.396515,294.894653,290.411469,292.085205,292.085205,9293200
07/05/2008,294.032898,298.625671,287.138733,288.418945,288.418945,13275500
08/05/2008,292.005493,293.549713,288.374115,290.416443,290.416443,10284100
09/05/2008,288.418945,291.407745,284.583313,285.529755,285.529755,9003300
12/05/2008,286.30188,292.27948,283.392761,291.377838,291.377838,9764200
13/05/2008,292.020447,292.877228,288.194763,290.411469,290.411469,10365600
14/05/2008,292.149963,294.49118,286.550934,287.073975,287.073975,8784300
15/05/2008,288.418945,290.386566,286.730255,289.415192,289.415192,8717800
16/05/2008,289.629395,291.248322,288.0802,288.951935,288.951935,8580100
19/05/2008,288.194763,293.340485,285.689178,287.681702,287.681702,11251000
20/05/2008,286.242096,290.152435,285.385315,288.219696,288.219696,6652000
21/05/2008,288.17984,289.619446,272.922028,273.968109,273.968109,12984600
22/05/2008,274.944427,276.070221,269.116272,273.704102,273.704102,10190600
23/05/2008,272.458771,275.467468,267.900848,271.293121,271.293121,8896100
27/05/2008,271.462494,280.249542,270.909576,279.40274,279.40274,7759900
28/05/2008,282.909576,284.677948,279.50235,283.059021,283.059021,8131100
29/05/2008,286.321808,291.8461,285.529755,290.411469,290.411469,9726200
30/05/2008,290.645599,293.858551,289.564636,291.806244,291.806244,6474500
02/06/2008,290.162415,290.854797,284.568359,286.426392,286.426392,7375800
03/06/2008,287.173615,289.166138,279.25827,282.59079,282.59079,8642800
04/06/2008,281.609467,287.920807,281.220917,285.041595,285.041595,6751500
05/06/2008,287.462524,292.922058,287.029144,292.055298,292.055298,7862700
06/06/2008,288.792542,289.275726,282.441345,282.441345,282.441345,9504400
09/06/2008,282.96936,283.93573,271.681671,277.893402,277.893402,10616100
10/06/2008,273.753906,278.366608,272.36908,276.050293,276.050293,7342200
11/06/2008,277.081421,277.629364,271.21344,271.582031,271.582031,7654300
12/06/2008,273.355408,277.95813,272.418915,275.442566,275.442566,11024200
13/06/2008,279.696625,286.775085,279.621918,284.687927,284.687927,12415000
16/06/2008,282.192261,288.46875,282.192261,285.33548,285.33548,7112000
17/06/2008,287.098877,287.955658,283.128754,283.666748,283.666748,6951700
18/06/2008,281.200989,283.432617,278.53598,280.139954,280.139954,6787600
19/06/2008,276.638092,280.837341,274.376556,279.054047,279.054047,11408700
20/06/2008,277.450043,277.450043,271.238342,272.194733,272.194733,12010900
23/06/2008,271.661743,275.542206,269.997986,271.587036,271.587036,7298900
24/06/2008,271.552155,274.565857,266.550903,270.137451,270.137451,9380100
25/06/2008,271.467468,277.858521,270.819916,274.471222,274.471222,8275200
26/06/2008,271.034088,271.44754,263.143677,263.422638,263.422638,11361400
27/06/2008,262.854767,264.010437,256.583252,263.049042,263.049042,10935700
30/06/2008,265.240814,267.995483,260.553375,262.227112,262.227112,7558700
01/07/2008,258.819885,267.35788,257.534698,266.366608,266.366608,9956900
02/07/2008,267.253265,269.18103,262.047791,262.53595,262.53595,8477600
03/07/2008,264.448792,268.608185,262.765106,267.497345,267.497345,4818900
07/07/2008,270.137451,273.474945,266.799957,270.939453,270.939453,8542200
08/07/2008,271.975555,276.55838,268.99176,276.229614,276.229614,9901700
09/07/2008,274.351654,276.80249,269.355377,269.763855,269.763855,8339100
10/07/2008,271.482422,273.72403,264.36908,269.275696,269.275696,8695800
11/07/2008,267.248291,268.742676,258.745148,265.90332,265.90332,10000000
14/07/2008,268.493622,269.021637,256.762604,259.83606,259.83606,8882700
15/07/2008,257.176056,262.765106,249.61438,257.08139,257.08139,12187400
16/07/2008,256.060211,267.248291,254.346649,266.799957,266.799957,9519800
17/07/2008,266.082672,267.522247,261.270691,265.723999,265.723999,17640500
18/07/2008,248.244522,248.55835,238.202164,239.761322,239.761322,22669300
21/07/2008,239.542145,241.141144,231.980484,233.524689,233.524689,11847200
22/07/2008,232.488571,239.228317,231.930664,237.664169,237.664169,9418000
23/07/2008,239.905777,247.686615,238.157333,243.696564,243.696564,9824800
24/07/2008,247.422592,247.507278,236.921951,236.921951,236.921951,7108200
25/07/2008,242.33667,245.644272,239.850983,245.071411,245.071411,6390700
28/07/2008,245.126205,245.126205,236.677872,237.669159,237.669159,6343600
29/07/2008,238.755081,242.72023,238.107513,240.652969,240.652969,5626600
30/07/2008,241.843506,242.102539,235.522202,240.448746,240.448746,7007400
31/07/2008,236.393936,239.547119,234.839767,235.990448,235.990448,5751600
01/08/2008,235.372772,235.72644,230.386459,233.056442,233.056442,6038300
04/08/2008,233.185959,235.621826,230.08757,230.635529,230.635529,4992500
05/08/2008,232.921951,239.143631,232.294312,239.029068,239.029068,7195800
06/08/2008,238.291824,243.970535,235.372772,242.261948,242.261948,6776800
07/08/2008,240.100052,241.096313,237.315491,238.665421,238.665421,5568300
08/08/2008,239.178497,246.949371,236.956833,246.58075,246.58075,7506500
11/08/2008,245.315491,253.489853,244.971786,249.484863,249.484863,8510300
12/08/2008,250.062698,252.119995,248.070175,250.366562,250.366562,5532000
13/08/2008,249.863449,250.829834,246.017868,249.081375,249.081375,7278100
14/08/2008,247.920731,252.857224,247.218369,251.801193,251.801193,5859000
15/08/2008,252.548386,254.376541,251.806168,254.122482,254.122482,7117800
18/08/2008,253.968063,254.04776,246.829819,248.219604,248.219604,6692700
19/08/2008,244.299301,248.209656,242.406403,244.334183,244.334183,6115700
20/08/2008,246.436295,247.417618,240.383987,241.594452,241.594452,7993900
21/08/2008,240.558334,244.035294,238.740143,242.356583,242.356583,7054500
22/08/2008,244.832306,246.515991,243.82608,244.379013,244.379013,4611500
25/08/2008,242.147369,247.572037,239.850983,240.603165,240.603165,4043600
26/08/2008,240.827316,240.827316,234.416351,236.194687,236.194687,6641100
27/08/2008,235.980484,236.528427,231.552094,233.4151,233.4151,8807000
28/08/2008,235.362808,237.335403,234.286835,236.005386,236.005386,6082000
29/08/2008,233.997925,234.625565,230.301773,230.779984,230.779984,7725100
02/09/2008,237.494812,240.189713,229.848465,231.756317,231.756317,12268700
03/09/2008,233.489822,236.259445,228.9319,231.337891,231.337891,8661500
04/09/2008,229.141129,230.755066,223.860916,224.289307,224.289307,9733200
05/09/2008,221.913208,225.385208,219.218323,221.295532,221.295532,9102500
08/09/2008,225.166016,225.624298,207.995377,209.190903,209.190903,18103300
09/09/2008,210.794891,215.38269,206.725143,208.548309,208.548309,14513300
10/09/2008,211.442459,211.447449,204.075073,206.306717,206.306717,12500200
11/09/2008,203.412567,216.732635,202.431244,216.06514,216.06514,12991200
12/09/2008,214.301743,220.169754,213.699005,218.012833,218.012833,12101100
15/09/2008,211.208344,220.15979,211.063873,216.119934,216.119934,13183900
16/09/2008,212.184677,223.801132,211.950562,220.638,220.638,14033700
17/09/2008,218.42131,218.750076,205.948059,206.4711,206.4711,18322100
18/09/2008,210.530884,218.769989,204.483551,218.720184,218.720184,17243100
19/09/2008,229.639252,230.172256,220.812347,223.736374,223.736374,20086900
22/09/2008,226.217087,226.217087,213.699005,214.266876,214.266876,8847600
23/09/2008,215.816071,219.571991,212.065125,213.833496,213.833496,10447400
24/09/2008,214.366501,221.669128,214.251938,216.742599,216.742599,8515700
25/09/2008,218.600632,224.15979,217.175964,218.979218,218.979218,10078100
26/09/2008,213.200867,217.763763,209.728882,214.715195,214.715195,10624500
29/09/2008,208.971725,210.964249,189.644165,189.78862,189.78862,21606400
30/09/2008,197.250656,211.746323,195.42749,199.512177,199.512177,6195600
01/10/2008,204.807327,207.711441,200.797363,205.091263,205.091263,12516200
02/10/2008,204.129868,204.224518,192.279297,194.5159,194.5159,12014500
03/10/2008,197.933105,205.479813,190.819763,192.73259,192.73259,16045600
06/10/2008,186.291733,187.292984,177.913132,184.911911,184.911911,22525200
07/10/2008,185.967941,186.789871,172.040146,172.358963,172.358963,22191600
08/10/2008,164.463547,178.824722,162.446106,168.423706,168.423706,23741400
09/10/2008,171.616745,173.634171,160.234406,163.875748,163.875748,16210400
10/10/2008,155.995285,170.306656,154.570633,165.380112,165.380112,21274900
13/10/2008,177.230698,190.261856,172.229446,189.798584,189.798584,17877700
14/10/2008,196.030228,196.513412,177.833435,180.67778,180.67778,15627800
15/10/2008,176.662827,178.829697,168.782364,168.951721,168.951721,13493100
16/10/2008,165.758698,177.584366,154.142242,175.850861,175.850861,32601000
17/10/2008,188.77243,192.279297,181.096207,185.574417,185.574417,28605100
20/10/2008,189.165955,189.778656,179.123596,188.951767,188.951767,13557400
21/10/2008,185.499695,191.173431,180.324097,180.697708,180.697708,11607200
22/10/2008,177.828461,184.154739,171.357712,177.170914,177.170914,13169100
23/10/2008,176.164688,178.331573,168.363937,175.502182,175.502182,13006300
24/10/2008,162.625443,174.580627,161.763672,169.011505,169.011505,14773100
27/10/2008,166.779861,170.859573,162.192062,164.129807,164.129807,12447800
28/10/2008,168.891953,183.965454,163.641632,183.686493,183.686493,16271500
29/10/2008,182.212021,184.807297,175.527084,178.331573,178.331573,19586300
30/10/2008,183.542038,185.305435,178.515884,179.173416,179.173416,16037600
31/10/2008,177.415009,185.285507,176.473541,179.009033,179.009033,14902200
03/11/2008,178.12236,180.817245,170.077515,172.598053,172.598053,11953600
04/11/2008,176.060089,185.484756,172.104904,182.784882,182.784882,14754700
05/11/2008,180.398819,183.751251,170.017731,170.481003,170.481003,13944900
06/11/2008,169.350235,171.566925,162.296677,164.991577,164.991577,17213800
07/11/2008,165.938019,169.938034,162.057571,164.951721,164.951721,9397600
10/11/2008,163.387589,164.104889,154.157181,158.7948,158.7948,16220700
11/11/2008,153.768631,157.559433,149.698898,155.148468,155.148468,20369100
12/11/2008,150.461029,155.661545,143.342712,144.956665,144.956665,20177500
13/11/2008,145.340225,155.915588,139.477203,155.457306,155.457306,26568500
14/11/2008,151.058792,161.888199,150.715088,154.431152,154.431152,19105500
17/11/2008,150.934265,154.5009,148.418686,149.499634,149.499634,15144000
18/11/2008,150.221924,151.297897,142.142212,148.154678,148.154678,16754600
19/11/2008,147.143463,149.534515,138.769852,139.566864,139.566864,15727800
20/11/2008,136.931747,140.941711,129.036346,129.295364,129.295364,19632000
21/11/2008,130.764862,134.182053,123.188263,130.725006,130.725006,20565700
24/11/2008,134.127258,134.470963,124.04007,128.239334,128.239334,20184700
25/11/2008,133.838348,142.794769,133.160873,140.498383,140.498383,21623100
26/11/2008,139.616684,147.178345,137.584305,145.499634,145.499634,12760800
28/11/2008,144.747452,147.671494,143.601746,145.933014,145.933014,5150200
01/12/2008,142.804733,143.153427,132.493378,132.498367,132.498367,11465100
02/12/2008,134.361374,138.371353,130.799728,137.041336,137.041336,11723000
03/12/2008,134.421158,140.154663,132.174576,139.193268,139.193268,11853800
04/12/2008,137.748688,141.215683,133.883179,136.657776,136.657776,9809700
05/12/2008,135.003967,141.589294,131.517044,141.464752,141.464752,13091200
08/12/2008,144.453552,154.142242,140.473465,150.490921,150.490921,16349500
09/12/2008,148.289169,158.40625,147.950439,152.413712,152.413712,13831300
10/12/2008,154.042618,156.862045,151.686447,153.833389,153.833389,10513100
11/12/2008,151.517075,155.85582,148.343964,149.549454,149.549454,12404600
12/12/2008,147.302872,157.644104,146.451065,157.290436,157.290436,11487000
15/12/2008,156.418701,158.650345,151.985321,154.754944,154.754944,13526200
16/12/2008,156.672745,164.134781,155.053818,162.032669,162.032669,14172100
17/12/2008,158.725067,160.463547,155.626678,157.031403,157.031403,11622700
18/12/2008,157.758682,159.576874,153.977859,154.560669,154.560669,9562600
19/12/2008,154.914337,158.301651,153.923065,154.505875,154.505875,11267200
22/12/2008,153.703873,154.172119,144.772354,148.000259,148.000259,7864500
23/12/2008,149.654053,151.088684,147.781082,148.453552,148.453552,7583600
24/12/2008,150.177094,152.598022,148.632889,150.909348,150.909348,3857300
26/12/2008,151.46727,152.060043,148.598022,149.619186,149.619186,3932800
29/12/2008,149.549454,150.127289,145.24559,148.154678,148.154678,7431500
30/12/2008,149.838364,152.832153,148.797272,150.989059,150.989059,7715700
31/12/2008,151.532028,154.919327,150.73999,153.25058,153.25058,5795100
02/01/2009,153.723801,160.309128,152.179596,160.060059,160.060059,7248000
05/01/2009,159.90065,165.001541,156.91185,163.412491,163.412491,9814500
06/01/2009,165.868286,169.763687,162.585587,166.406265,166.406265,12898500
07/01/2009,163.546982,164.837143,158.779861,160.403763,160.403763,9022600
08/01/2009,158.545731,161.987823,158.077484,161.987823,161.987823,7228300
09/01/2009,163.138519,163.138519,156.114838,156.946732,156.946732,8713400
12/01/2009,157.564407,158.879486,154.535767,155.761169,155.761169,6633300
13/01/2009,155.302887,159.701401,154.615463,156.57312,156.57312,8898100
14/01/2009,154.421188,156.314102,148.319061,149.92305,149.92305,10976700
15/01/2009,148.229401,151.223175,142.859528,148.936752,148.936752,11913400
16/01/2009,151.940491,153.549454,147.297897,149.275482,149.275482,10487900
20/01/2009,149.011475,149.190796,140.847076,140.847076,140.847076,10134100
21/01/2009,143.636612,151.183334,143.636612,150.974106,150.974106,9885800
22/01/2009,148.463516,154.097412,147.023926,152.677719,152.677719,16595900
23/01/2009,154.057556,165.360184,151.541977,161.743744,161.743744,21545900
26/01/2009,161.818466,163.387589,159.681473,161.330292,161.330292,9255900
27/01/2009,162.615479,166.31163,161.529541,165.121078,165.121078,9891400
28/01/2009,168.358948,175.507156,167.527069,173.68399,173.68399,15440300
29/01/2009,171.626694,171.880753,169.419968,171.018982,171.018982,14622100
30/01/2009,171.701416,173.748749,167.37265,168.632919,168.632919,9378900
02/02/2009,166.520844,171.855835,165.380112,169.649109,169.649109,10452800
03/02/2009,170.645386,170.859573,166.291702,169.58934,169.58934,13162100
04/02/2009,169.40004,176.558212,168.951721,170.859573,170.859573,13685800
05/02/2009,169.818481,177.026459,167.870773,176.199554,176.199554,14583200
06/02/2009,177.564438,186.207047,177.056351,184.946777,184.946777,14128800
09/02/2009,184.946777,189.78862,182.964203,188.677795,188.677795,9991800
10/02/2009,187.287994,188.045166,178.276779,178.585617,178.585617,14260600
11/02/2009,178.804794,181.818497,175.840912,178.351501,178.351501,10502300
12/02/2009,175.920609,181.131073,175.08374,180.847137,180.847137,11142200
13/02/2009,180.418747,180.817245,176.951736,178.172165,178.172165,8324300
17/02/2009,172.608017,172.896942,169.210754,170.690216,170.690216,11403300
18/02/2009,172.971664,176.030197,169.624207,175.895706,175.895706,12094100
19/02/2009,178.067566,179.22821,170.067551,170.680252,170.680252,10014700
20/02/2009,168.393814,173.808517,166.874512,172.57814,172.57814,12480700
23/02/2009,172.852112,174.246887,164.159683,164.413742,164.413742,10481200
24/02/2009,164.891937,174.157211,164.827194,172.080002,172.080002,12237400
25/02/2009,170.436157,175.492218,168.827194,170.182114,170.182114,12926300
26/02/2009,172.334045,175.586853,167.950485,167.960449,167.960449,11253200
27/02/2009,165.853348,171.268051,164.936783,168.363937,168.363937,10880500
02/03/2009,166.042633,169.713867,162.391312,162.969147,162.969147,11620300
03/03/2009,164.418716,166.221954,160.573135,162.132294,162.132294,13098400
04/03/2009,160.976624,163.885712,157.101151,158.864532,158.864532,15695300
05/03/2009,157.649094,158.944244,150.754929,152.249329,152.249329,13108600
06/03/2009,153.036377,154.515839,146.575592,153.708862,153.708862,14522500
09/03/2009,149.429901,152.712601,144.184555,144.901871,144.901871,12991000
10/03/2009,148.56813,154.670258,146.575592,153.509613,153.509613,13510700
11/03/2009,154.471008,159.402527,152.284195,158.36142,158.36142,11891500
12/03/2009,158.177109,161.893188,156.23938,161.160934,161.160934,10085800
13/03/2009,162.441132,163.118591,158.919327,161.604263,161.604263,7842000
16/03/2009,162.386337,164.249359,158.70015,159.248093,159.248093,9930500
17/03/2009,159.492188,167.043884,158.949219,167.043884,167.043884,9460300
18/03/2009,166.779861,169.365173,163.412491,165.928055,165.928055,10061900
19/03/2009,165.220718,167.37265,163.078735,164.353958,164.353958,8253100
20/03/2009,164.533295,165.87326,162.560684,164.463547,164.463547,9511200
23/03/2009,166.157196,174.07254,165.893188,173.649124,173.649124,8574900
24/03/2009,172.603043,176.259338,171.357712,172.936783,172.936783,7668500
25/03/2009,174.545761,175.014008,167.497177,171.392578,171.392578,8705000
26/03/2009,175.905655,178.909409,173.599304,175.985367,175.985367,12051500
27/03/2009,174.346512,175.342773,172.089966,173.200806,173.200806,6670400
30/03/2009,170.635422,171.263062,167.397552,170.705154,170.705154,6211300
31/03/2009,173.813507,176.094955,172.443634,173.380127,173.380127,7337900
01/04/2009,171.248123,176.956726,169.669037,176.383865,176.383865,6627100
02/04/2009,180.976654,184.189606,179.487244,180.573166,180.573166,9009500
03/04/2009,181.569427,185.165955,178.331573,184.19957,184.19957,7607900
06/04/2009,182.814758,184.219498,180.025223,183.432449,183.432449,6585100
07/04/2009,180.622986,181.195831,176.991592,178.65535,178.65535,7387700
08/04/2009,181.071304,181.818497,177.439911,180.324097,180.324097,5551000
09/04/2009,184.060104,186.476044,182.441162,185.554489,185.554489,6790400
13/04/2009,184.97168,188.842178,184.458603,188.349014,188.349014,6123000
14/04/2009,187.766205,187.791107,182.117386,183.766205,183.766205,6882800
15/04/2009,182.864578,189.818512,181.40007,189.041428,189.041428,9898300
16/04/2009,190.037689,195.7164,189.798584,193.64418,193.64418,20446400
17/04/2009,192.289246,199.163483,191.686508,195.387634,195.387634,21541900
20/04/2009,192.354004,194.595612,187.243164,188.941803,188.941803,8890900
21/04/2009,187.382645,191.432465,187.347778,190.022751,190.022751,7418400
22/04/2009,190.162231,194.27182,188.797348,191.213287,191.213287,7029800
23/04/2009,193.031464,194.147293,189.843414,191.62674,191.62674,5237500
24/04/2009,192.304199,195.855881,189.539566,194.017776,194.017776,6796100
27/04/2009,191.452393,194.017776,190.660355,192.254379,192.254379,4598200
28/04/2009,191.158493,193.798599,190.057617,191.138565,191.138565,5909100
29/04/2009,192.264343,196.747543,192.194611,195.004074,195.004074,7247000
30/04/2009,197.141068,201.121155,196.662857,197.245682,197.245682,8744000
01/05/2009,196.777435,198.052643,195.04393,196.109924,196.109924,4873500
04/05/2009,198.341568,200.448669,196.657883,200.239456,200.239456,6430000
05/05/2009,199.243195,201.74382,197.883286,200.742569,200.742569,4819500
06/05/2009,202.635468,203.377686,199.751282,200.981674,200.981674,5285400
07/05/2009,201.295502,201.738831,195.517151,197.564484,197.564484,6021900
08/05/2009,200.672836,204.29924,196.762482,202.904465,202.904465,7759100
11/05/2009,200.647919,205.230743,199.850906,203.228256,203.228256,5137700
12/05/2009,204.239456,204.727631,196.817276,198.759995,198.759995,7609900
13/05/2009,196.309189,197.454895,193.449905,194.042679,194.042679,5706800
14/05/2009,193.674057,195.372696,191.62674,193.026489,193.026489,5895900
15/05/2009,194.819763,196.319153,193.818527,194.27182,194.27182,6039900
18/05/2009,196.627991,197.913177,191.980408,197.679047,197.679047,6728500
19/05/2009,197.310425,200.070084,195.76622,198.695236,198.695236,5696100
20/05/2009,200.29425,202.07756,196.762482,197.848419,197.848419,4585000
21/05/2009,197.410065,200.667847,196.184647,197.509689,197.509689,5459900
22/05/2009,197.589386,198.580673,195.268082,196.015289,196.015289,3450000
26/05/2009,195.243179,201.74382,194.27182,201.425003,201.425003,6232200
27/05/2009,202.062622,205.161011,201.64917,202.022766,202.022766,6091200
28/05/2009,203.57695,205.041458,201.549545,204.433731,204.433731,5357500
29/05/2009,205.285538,207.835983,204.583176,207.835983,207.835983,5316100
01/06/2009,208.583176,213.997879,208.483551,212.483566,212.483566,6669600
02/06/2009,212.329132,214.177216,210.909454,213.400131,213.400131,5266800
03/06/2009,212.204605,215.422546,211.208344,215.019058,215.019058,7092000
04/06/2009,216.837234,219.796143,216.438736,219.317947,219.317947,7303300
05/06/2009,221.703995,222.834763,218.90947,221.330399,221.330399,7389100
08/06/2009,218.929398,219.636749,216.249451,218.565765,218.565765,6220500
09/06/2009,218.471115,219.427536,215.073853,216.996643,216.996643,6534100
10/06/2009,217.300507,218.127411,212.538361,215.492279,215.492279,6742900
11/06/2009,215.078827,216.055176,213.385178,213.699005,213.699005,5751800
12/06/2009,212.632996,213.051437,209.818542,211.62677,211.62677,5858600
15/06/2009,209.963013,209.963013,206.227005,207.606842,207.606842,7501700
16/06/2009,208.872101,209.758774,206.934357,207.223282,207.223282,6122100
17/06/2009,207.317917,209.076324,205.011566,206.80484,206.80484,7006200
18/06/2009,207.063873,208.563248,205.728882,206.256897,206.256897,6193400
19/06/2009,208.324142,209.444946,206.51593,209.260635,209.260635,8550100
22/06/2009,207.696503,207.9655,200.194626,202.914429,202.914429,8279600
23/06/2009,202.565735,203.731369,200.523392,202.08255,202.08255,5820800
24/06/2009,203.606827,205.345322,202.520905,203.880798,203.880798,4934000
25/06/2009,202.740082,207.173462,202.496002,207.108704,207.108704,6111700
26/06/2009,206.067612,213.315445,205.783676,211.865875,211.865875,6537800
29/06/2009,212.204605,213.101242,210.331619,211.278076,211.278076,4354800
30/06/2009,211.208344,212.807343,208.329132,210.007843,210.007843,5207100
01/07/2009,211.307968,212.403854,208.294266,208.712692,208.712692,4638900
02/07/2009,206.929382,206.929382,202.645432,203.4823,203.4823,5054000
06/07/2009,202.491013,204.553284,200.080048,204.040207,204.040207,4542100
07/07/2009,203.357758,203.830994,197.250656,197.574448,197.574448,6543000
08/07/2009,199.253143,202.241943,198.286774,200.4935,200.4935,6908100
09/07/2009,202.301727,206.451172,202.142319,204.428757,204.428757,6575700
10/07/2009,204.025269,207.905716,203.586899,206.42627,206.42627,5875000
13/07/2009,207.307953,211.467361,206.814804,211.357773,211.357773,8121600
14/07/2009,211.063873,212.568237,209.649185,211.552048,211.552048,5813200
15/07/2009,214.027771,218.520935,213.444962,218.266876,218.266876,7582200
16/07/2009,217.524658,222.042725,216.239487,220.473618,220.473618,13158100
17/07/2009,215.691528,216.92691,212.553299,214.321671,214.321671,13759500
20/07/2009,214.13736,215.616821,212.329132,214.281815,214.281815,6330600
21/07/2009,214.665375,215.143585,212.065125,213.151062,213.151062,5958600
22/07/2009,213.200867,214.296768,210.959274,213.046448,213.046448,5192700
23/07/2009,213.539597,219.781204,211.955536,217.853439,217.853439,6982400
24/07/2009,217.091293,224.403885,216.687805,222.525925,222.525925,7280900
27/07/2009,222.187195,222.540863,217.98793,221.569504,221.569504,5027500
28/07/2009,219.676605,220.578217,217.235748,219.103745,219.103745,5083900
29/07/2009,217.79863,218.082581,215.138611,217.305481,217.305481,3988800
30/07/2009,220.478592,224.892044,220.478592,221.98793,221.98793,6421000
31/07/2009,224.149826,225.504745,220.388931,220.697769,220.697769,5742200
03/08/2009,223.53215,226.102509,222.984207,225.260666,225.260666,5199900
04/08/2009,223.845978,226.152328,223.377731,226.017822,226.017822,4797400
05/08/2009,227.14859,227.601898,223.10376,224.727661,224.727661,4701400
06/08/2009,226.301758,226.590683,223.427536,224.339127,224.339127,4237600
07/08/2009,226.984207,228.852203,226.645477,227.696533,227.696533,5105100
10/08/2009,226.7202,228.349091,226.047714,227.452454,227.452454,3496900
11/08/2009,225.987946,227.761292,225.345352,226.122437,226.122437,3437800
12/08/2009,226.854691,230.012848,226.610611,228.433777,228.433777,4700200
13/08/2009,230.212112,231.49231,228.59816,230.276871,230.276871,4005200
14/08/2009,230.525925,230.725189,227.591934,229.141129,229.141129,3362700
17/08/2009,224.906998,225.151077,220.732635,221.614334,221.614334,5260000
18/08/2009,221.718948,223.014084,220.334137,221.808609,221.808609,4719800
19/08/2009,219.173477,221.669128,218.461151,221.156052,221.156052,4526800
20/08/2009,225.156067,230.227051,224.772491,229.345352,229.345352,8027600
21/08/2009,231.900772,232.174759,230.461182,231.751343,231.751343,7147600
24/08/2009,232.802399,234.167282,231.342865,233.489822,233.489822,4925100
25/08/2009,233.689072,236.289337,233.484848,234.804901,234.804901,4699400
26/08/2009,235.497299,235.616852,232.478607,233.12619,233.12619,3990400
27/08/2009,233.4151,233.4151,229.504761,232.159805,232.159805,4012600
28/08/2009,233.75383,235.303024,230.824814,231.507248,231.507248,3556400
31/08/2009,229.036514,230.067657,228.144852,229.973007,229.973007,3930400
01/09/2009,228.98172,232.538391,226.361542,227.029037,227.029037,5209100
02/09/2009,227.058929,228.309235,225.449951,225.65918,225.65918,3623100
03/09/2009,227.058929,228.269394,226.650452,227.905746,227.905746,3304600
04/09/2009,227.930664,230.436264,227.039001,229.788696,229.788696,3009500
08/09/2009,231.278107,232.623077,227.068893,228.453705,228.453705,5333300
09/09/2009,228.672882,232.26442,228.543365,231.118713,231.118713,4407100
10/09/2009,232.453705,234.590698,230.13739,234.590698,234.590698,5088100
11/09/2009,234.321701,235.766296,232.941879,235.188461,235.188461,3820000
14/09/2009,234.376495,237.50975,234.147354,236.672897,236.672897,3966100
15/09/2009,236.652969,238.560822,235.472397,237.878372,237.878372,4814000
16/09/2009,239.00415,243.771286,238.346619,243.233307,243.233307,5189900
17/09/2009,244.369049,247.756348,242.665436,244.941895,244.941895,8999700
18/09/2009,247.457474,247.562073,244.697815,244.812378,244.812378,6591500
21/09/2009,242.959335,248.518494,242.202164,247.572037,247.572037,4248600
22/09/2009,249.524719,250.057724,247.975525,248.59819,248.59819,6105100
23/09/2009,249.454987,252.553375,247.92572,248.299316,248.299316,5428600
24/09/2009,249.300568,249.768799,245.579514,247.457474,247.457474,5074000
25/09/2009,246.222092,249.03157,245.081375,245.32048,245.32048,4114400
28/09/2009,246.496078,249.813644,245.728943,248.334183,248.334183,3692300
29/09/2009,248.832321,248.94191,245.584488,248.334183,248.334183,4214000
30/09/2009,249.066437,249.136169,242.710266,246.999191,246.999191,6306800
01/10/2009,245.579514,247.308029,242.590714,242.690338,242.690338,5647400
02/10/2009,240.966797,244.951859,240.398926,241.385223,241.385223,5221000
05/10/2009,242.91449,245.295578,240.767548,243.34787,243.34787,4305100
06/10/2009,244.931931,248.752609,244.931931,248.438797,248.438797,5485000
07/10/2009,248.568298,258.52597,247.975525,257.80368,257.80368,9784800
08/10/2009,258.814911,260.648041,255.711533,256.129974,256.129974,8639800
09/10/2009,257.360352,259.781281,256.289368,257.161102,257.161102,5496600
12/10/2009,260.732697,261.898346,258.690369,261.041565,261.041565,6669200
13/10/2009,261.215912,262.745178,259.716522,262.072693,262.072693,6097400
14/10/2009,265.23584,266.790009,264.010437,266.660492,266.660492,6541200
15/10/2009,265.878418,267.44754,262.650513,263.965607,263.965607,12246500
16/10/2009,272.643066,276.339203,271.248291,273.898376,273.898376,17749900
19/10/2009,275.313049,275.766357,273.340454,275.014191,275.014191,6459800
20/10/2009,274.790009,275.442566,269.340454,274.829865,274.829865,8117600
21/10/2009,273.928253,278.630615,273.474945,274.521027,274.521027,7368600
22/10/2009,273.973083,276.463745,272.976807,276.010437,276.010437,4690400
23/10/2009,276.588287,277.903351,274.570831,275.811188,275.811188,4803200
26/10/2009,276.837341,279.771362,274.416412,276.070221,276.070221,5963000
27/10/2009,274.456268,276.244568,271.063995,273.121277,273.121277,6457000
28/10/2009,272.912048,273.973083,268.120026,269.141205,269.141205,5154800
29/10/2009,270.491119,274.884674,269.489899,274.496124,274.496124,5064000
30/10/2009,273.973083,274.05777,266.122498,267.05899,267.05899,6962900
02/11/2009,267.537201,268.722748,263.133698,265.997986,265.997986,6428200
03/11/2009,264.015411,267.746429,263.163605,267.641815,267.641815,4778100
04/11/2009,269.390259,271.731476,267.208435,269.156128,269.156128,4682800
05/11/2009,270.730225,273.858521,270.316772,273.300598,273.300598,3709100
06/11/2009,272.837341,274.859772,271.731476,274.521027,274.521027,3667000
09/11/2009,276.687897,280.239594,276.08017,280.204712,280.204712,5319500
10/11/2009,280.314301,283.328003,279.950684,282.321777,282.321777,4478200
11/11/2009,284.174835,285.679199,281.873474,284.214691,284.214691,4656700
12/11/2009,283.716553,285.38031,281.694153,282.864746,282.864746,3786600
13/11/2009,283.582062,285.186066,282.24707,284.956909,284.956909,3346000
16/11/2009,286.426392,287.417694,285.320557,287.064026,287.064026,4414700
17/11/2009,286.361633,287.671722,285.788788,287.666748,287.666748,3847700
18/11/2009,287.248322,288.309357,284.966888,287.248322,287.248322,3110700
19/11/2009,285.81369,285.928284,283.93573,285.425171,285.425171,4352200
20/11/2009,283.686676,284.732758,283.636871,283.915802,283.915802,4027400
23/11/2009,287.16861,292.204742,286.854797,290.087677,290.087677,5114000
24/11/2009,290.172363,291.054047,287.193542,290.456299,290.456299,3222400
25/11/2009,292.110107,292.433899,290.25705,291.776337,291.776337,2933300
27/11/2009,284.932007,290.142487,284.418915,288.797516,288.797516,2779500
30/11/2009,289.230896,290.745209,287.477478,290.411469,290.411469,3463000
01/12/2009,292.966888,294.506104,290.411469,293.833649,293.833649,4657900
02/12/2009,294.396515,295.397766,292.015442,292.658051,292.658051,3338800
03/12/2009,293.420197,294.620697,291.407745,291.776337,291.776337,2868000
04/12/2009,295.402771,296.304382,288.508606,291.41272,291.41272,5046000
07/12/2009,291.014221,293.24585,289.415192,292.030396,292.030396,3284500
08/12/2009,290.660522,294.227173,289.91333,292.428894,292.428894,3059300
09/12/2009,292.653076,293.564636,290.700378,293.410217,293.410217,3575200
10/12/2009,294.117584,296.244598,294.102631,294.645599,294.645599,3349000
11/12/2009,296.229645,296.264526,292.767639,294.152435,294.152435,3452800
14/12/2009,296.563416,297.539734,295.198517,296.752686,296.752686,3841100
15/12/2009,295.542236,297.076477,294.391541,295.462524,295.462524,4577800
16/12/2009,298.182343,299.064026,297.205994,297.763916,297.763916,5639800
17/12/2009,297.106384,297.704132,295.771362,295.861053,295.861053,5297300
18/12/2009,296.90213,298.34671,296.389069,297.096405,297.096405,7089400
21/12/2009,297.689178,298.800018,296.722809,298.222198,298.222198,5161600
22/12/2009,299.547211,299.626923,298.306885,299.437622,299.437622,3775600
23/12/2009,300.623199,305.29071,300.299408,304.697906,304.697906,4160800
24/12/2009,305.320587,308.603271,304.991821,308.085236,308.085236,1723800
28/12/2009,309.669281,311.826202,308.085236,310.272034,310.272034,3408400
29/12/2009,311.203522,311.253357,307.99057,308.543518,308.543518,2860200
30/12/2009,308.095184,310.202271,307.851105,310.202271,310.202271,2942100
31/12/2009,311.208527,311.532288,308.832428,308.832428,308.832428,2448700
